"Slug","Section","Title","Description","Category","Author","Traduction","Date","Image","Image:alt","Latest","Text","Poem","Title 1","Poem 1","Title 2","Poem 2","Title 3","Poem 3","Audio File","Audio Quote"
"voltas-i","Fiction - English","Voltas I","In this debut collection of three poems, Floris Kersemakers seeks the turn, the pivot where the word folds back on itself.","POETRY COLLECTION","Floris Kersemakers","","2026-05-01T00:00:00.000Z","https://framerusercontent.com/images/dI6lijtlAtQfNc6dZwsAoCjiU.png","","NO","","","The Parting Glass","<p dir=""auto"">Already over. The supper</p><p dir=""auto"">With last night's cigarette,</p><p dir=""auto"">Locked eyes bright as wine,</p><p dir=""auto"">In billiard ball blackness,</p><p dir=""auto"">Already over, and now</p><p dir=""auto"">That the future has its</p><p dir=""auto"">Boot on my throat again,</p><p dir=""auto"">I can say, 'God, what</p><p dir=""auto"">Abundance we had!'</p>","Elegy","<p dir=""auto"">They buried their hearts like</p><p dir=""auto"">Others might palm a coin and said</p><p dir=""auto"">'We'll grow quieter things in its place.'</p><p dir=""auto"">Soon, stalks of glass</p><p dir=""auto"">Curved toward the cataract sun,</p><p dir=""auto"">But oh! What wind learned to hum</p><p dir=""auto"">In their empty chests!</p>","Dialectic","<p dir=""auto"">The devil pecked at flesh.</p><p dir=""auto"">It is said he cannot make,</p><p dir=""auto"">Only imitate. On God's</p><p dir=""auto"">Creatures, a scab opened.</p><p dir=""auto""><br></p><p dir=""auto"">'Let there be a pitchfork</p><p dir=""auto"">And a peasant to drive it home!'</p><p dir=""auto"">And the peasant snarled:</p><p dir=""auto"">'This is God to you?'</p><p dir=""auto""><br></p><p dir=""auto"">The devil pecked at flesh.</p>","",""
"shibuya-dancing-en","Fiction - English","Shibuya Dancing","A group of friends spiral through Shibuya's night, turning drinking-game defeats into nightclub euphoria.","SHORT STORY","Skander Lejmi","/entries/articles/shibuya-dancing-fr","2026-02-25T00:00:00.000Z","https://framerusercontent.com/images/BnE603Hbf8FfIjOePgKCtntZ7o.png","","NO","<p dir=""auto"">Dom rang the doorbell with frustration, having already waited three minutes downstairs. He had earlier gotten into a fervent debate about how many potatoes comprise restaurant-grade mashed potatoes and had since not spoken to the rest of them, but all of that was now water under the bridge given the price-tag on the night ahead.</p><p dir=""auto"">A few weeks ago they had been at some bar off the corner of their Airbnb and were accosted by an older man who sang the praises of some up and coming DJ. This was only understood after he aggressively pointed at the poster on the wall of the smoking area, following a long exchange of glances and eventual recognition of the language barrier. Despite this, his attitude emanated a certitude that easily sold them, so those ticket confirmations quickly pounced onto their phones. Needless to say this caused endless disputes on reimbursements, one of them (the usual offender) invoking an unreciprocated round from a few years ago.</p><p dir=""auto"">The evening had been long awaited and was now before their eyes.</p><p dir=""auto"">'Ohhh!', a strange hooded man blurted in his direction with a dancey kind of intonation. Dom, struck with fear in his usual way, clung to his imaginary purse, quickly relaxing once he recognized the stranger's face. Following a few phone calls and heavy laughter from the third floor window, they flew up the staircase and found themselves around the living room table.</p><p dir=""auto"">The cards on the table formed a flat, tree-like structure, each begging to be revealed. Discretely checking his cards so as to not reveal any information to the other players, Dom leveled with his hand: three twos and one seven of hearts. His eyes peered around the table as its constituents spoke of everything and nothing with diplomatic fervour.</p><p dir=""auto"">Occasionally, in between an expectedly long-winded story on some old happenings and the usual declaration of hate between two near-biological brothers, Dom caught other eyes checking cards too. Harmless smiles and powerful laughs dominated the scene, yet the eyes told a different story. In the eyes one could see a solemn recognition that the loser's night would be fated by this game, their immune systems all shivering in fear at the prospect of a loss.</p><p dir=""auto"">The evening had assumed an elegant disarray that only made sense in the presence of those surrounding the table. While they were in Shibuya it seemed the exact scene had taken place hundreds of times around hundreds of such tables in thousands of such places, the players the only constant. As cards started revealing themselves, men were challenged, eyes would race around finding victims.</p><p dir=""auto"">Dom had been attacked by three bulls by the time they had gotten to the last card. With the revelation of a further two, Dom's gaze fixed itself on George with a deeply evil excitement. Familiar screams and perfectly normal nudity ensued as George accepted defeat.</p><p dir=""auto"">At 00:36 a platypus-looking player was getting riled up in the usual way, a performance of speedy verbal jabs incrementally increasing in volume. The unmanned shoes scattered around the room would always precipitate an unwarranted fear and fury in him as the night won over the day.</p><p dir=""auto"">Eventually they found themselves on the windy streets of Shibuya, now apologetic to the jackets and deferential to the platypus. It was an almost consecrated transition that never lost its flavour. Briskly walking past closed restaurants, noisy bars, a stapler company, they navigated the tentacles of Shibuya to eventually arrive at their desired sucker: the queue of the club.</p><p dir=""auto"">After some small chit-chat with security, a few jokes on the state of Platypus' ID picture and a quick drop-off of jackets in some locker, the players' legs pulsed with fervour at the true beginning of the evening. Entering the room, they were immediately engulfed in a swirling crowd of lights and people and music.</p><p dir=""auto"">A bald man's body glistened, his movements in complete harmony with the sounds he was captaining through turn-disks, hobs and switches. It was as though his light-beige body had melted from solid to liquid, his arms flailing around unreservedly, torso shifting from one side to another. The room was no different in flavour. It had converged to a singular mass reverberating in unison, a physical manifestation of the oscillating beige water above them.</p><p dir=""auto"">Our players, immersed in the experience, jostled and laughed and jumped together like six shrimps amongst an endless troupe.</p>","","","","","","","",""
"anatomy-of-a-laugh","Fiction - English","Anatomy of a Laugh","In a crowded bistro, an overheard joke unleashes my companion's uncontrollable, volcanic laughter.","SHORT STORY","Paul de Fressenel","/entries/articles/la-chute-et-l-envol","2026-03-06T00:00:00.000Z","https://framerusercontent.com/images/SpuTcLkoPbquRGgeeH6yO5JeUB8.png","","NO","<p dir=""auto"">The bistro was buzzing that night. The smell of roasted garlic was lazily drifting through the room. My elbows were pinned. I was wedged between strangers, guarding my glass like a fragile treasure, vividly aware that the slightest movement could send it shattering across the table. Opposite me, a man who I had just met smiled with a politician's confidence. He introduced himself earlier with a large smile and a crushing handshake.</p><p dir=""auto"">After exchanging ritual greetings and formalities, silence comfortably settled in, punctuated by the soft metallic tangle of forks and knives. His eyes were fixed elsewhere. After a thorough investigation, I understood that he was listening intently to the story unfolding at the next table. Naturally, I joined in and started eavesdropping too, surrendering to the quiet pull of my curiosity. After a moment, the improvised storyteller gained momentum. His hands were sketching shapes in the air and his words were swelling toward a climax. Suddenly, with an abrupt twist, he delivered the finale:</p><p dir=""auto"">- <em>""And that's how I got elected mayor by accident!""</em></p><p dir=""auto"">Amused by this unexpected ending, I let out a quiet laugh through my nose and turned back to my table. I found my dinner companion looking at me. His head was slightly tilted and a half-smile had set camp in the corner of his mouth. It grinned at me with a devilish cheek as though I was about to witness something extraterrestrial.</p><p dir=""auto"">Suddenly, he exploded into laughter. The sound was so loud and unguarded that the restaurant stopped moving for a beat. The waiter paused mid-step, a fork hung in the air, voices dissolving into unfinished murmurs. The laugh did not begin in his throat but somewhere deeper. His diaphragm, his stomach, or perhaps his very bones. His face seemed to break open. His body was curling inwards, his arms wrapped around his ribs to hold himself together. He was clearly overtaken by his own physicality, and was unable to summon a single command to stop it.</p><p dir=""auto"">I watched, fascinated, this grown man surrendering completely to hilarity. His body had staged a revolt, declaring its independence and waving a flag that said <em>'I answer to no one!'</em>. The ghost of his laughter was still trembling on his lips. I had just witnessed a small miracle: the extraordinary orchestration of dozens of muscles, nerves, and reflexes rising in unity to dethrone the pre-frontal cortex, the seat of reason, and hold it captive to laughter's will.</p><p dir=""auto"">I thought back about my past experiences in human comedy. The small theatre of telling a joke. I always watched the specialists I knew with something of an anthropological fascination. Their toolbox was endless. Exaggeration. Parody. Irony, that sly smile of the intellect. Absurdity. Incongruity. Each one a variation of the same theme: Dissonance. They would walk into a conversation and immediately start gathering information: the room's temperature, a distracted glance, a softening around the eyes... All key metrics for the precision of their craft.</p><p dir=""auto"">They would orchestrate a controlled miniature crisis of logic, a controlled detonation of senses. What fascinated me the most was the moment of freefall after delivery. I could almost hear it. The room holding itself in suspension. Their cortisol levels augmenting. They seem to walk a tight rope between brilliance and failure. If they are successful, for a very small instant, they become the conductor and magician that controls something ephemeral and alive.</p>","","","","","","","","",""
"goya-as-saturn-saw-him","Fiction - English","Goya as Saturn Saw Him","Who flinches first: the father devouring his son, or the painter witnessing his country's collapse?","POETRY","Floris Kersemakers","","2026-02-19T00:00:00.000Z","https://framerusercontent.com/images/zvDFZr4Mm1APOVAK0EkNIDHjuQ.png","","NO","","<p dir=""auto"">Where was Azrael / when</p><p dir=""auto"">Saturn devoured his son? / When</p><p dir=""auto"">That rough beast / tore limb from limb /</p><p dir=""auto"">White eyes and wider than their sockets /</p><p dir=""auto"">Like falling moons / and the body /</p><p dir=""auto"">Impossibly hunched / into a space beyond</p><p dir=""auto"">Madness / where there was hardly soul left</p><p dir=""auto"">To save?</p><p dir=""auto""><br></p><p dir=""auto"">What did Goya see / while he</p><p dir=""auto"">Crunched on fish and fowl / and</p><p dir=""auto"">Emptied brittle bones / on a table</p><p dir=""auto"">Of Spanish wood? / Would he crack</p><p dir=""auto"">His country's marrow / tenderised by</p><p dir=""auto"">Three decades of terror / and slurp</p><p dir=""auto"">Out / the last bits left to love?</p><p dir=""auto""><br></p><p dir=""auto"">Maybe he could still hear / a world deafening</p><p dir=""auto"">To reason / and the poetry of a primaeval</p><p dir=""auto"">Betrayal / a father's stillborn future /</p><p dir=""auto"">And a son's ravaged inheritance /</p><p dir=""auto"">Maybe he fought / To lock the floodgates of fear /</p><p dir=""auto"">To anchor his final praise / for the Kingdom of Man</p><p dir=""auto"">And show at last / the tattered bits</p><p dir=""auto"">Of the worm-eaten world?</p><p dir=""auto""><br></p><p dir=""auto"">Look again at Saturn</p><p dir=""auto"">His drivel-gushing mouth / wide in surprise</p><p dir=""auto"">What if his eyes / of putrescence / were</p><p dir=""auto"">Drawn inexorably outside / to the artist's</p><p dir=""auto"">Unflinching gaze / cacophonic in his soundless world /</p><p dir=""auto"">And Saturn could not blink</p><p dir=""auto"">For the horror he saw there?</p>","","","","","","","",""
"killed-by-kindness","Fiction - English","Killed by Kindness","A gossip dealer and a ""good vibes only"" guru meet over drinks, incompatible from the first sip.","SHORT STORY","Madeleine Bellucci","/entries/articles/eloge-de-la-mauvaise-foi","2026-03-02T00:00:00.000Z","https://framerusercontent.com/images/D4OVRh41g9eFZS41sde8HrYcKk.png","","NO","<p dir=""auto"">I get to the bar and I'm early, which gives me the perfect amount of time to silently judge everyone around me. On my right: a couple where the man keeps looking over at me. On my left: a gaggle of 19-year-old uni boys aggressively bonding over litres of beer and newly-found emotional intelligence.</p><p dir=""auto"">I've come prepared, obviously. I've got The List — you know, the one we all compile before hanging out with a new acquaintance. Mine includes: three humiliating things I did this week, some quality gossip about people Raphael doesn't even know yet, and of course, the usual bullet points about creepy men following me off the metro. Whether these stories are true or not, it doesn't matter, what's important is that I recount them.</p><p dir=""auto"">Raphael finally shows up and we do <em>la bise</em> — which, let's be honest, is the French's lifelong attempt to sexualize things that have absolutely no need to involve cheeks, lips, or awkward head choreography.</p><p dir=""auto"">The meet up begins with his 'hey,' followed by my stretched-out 'heyyy,' which says: I am friendly, mildly unhinged, relatable, and possibly already tipsy. Then I toss out a few generic questions about his life — the sort of polite probing I'll forget by the time I wake up tomorrow.</p><p dir=""auto"">I'm not here for small talk anyway — today I want the juicy stuff. Who does he secretly hate? What instantly repels him in women? Which painfully calculated 'oops' moment from my week can I serve him as proof that I'm both relatable and hilarious? Let the curated vulnerability begin.</p><p dir=""auto"">I'm just about to dive into my first humiliation of the week when Raphael taps his hands on the table and goes, 'Do you maybe wanna go grab us two beers?' with this wide-eyed, golden-retriever smile that says: I am harmless and adorable and potentially a little bit of a freeloader.</p><p dir=""auto"">So off I trot to the altar of the bar, where a pixie-cut bartender with botanical forearm tattoos is busy refusing to acknowledge my existence — first with a solid stare-through, then with a ten-minute lag before accepting I'm real.</p><p dir=""auto"">While I wait, I replay the moment in my head. The way he said it. The word 'grab' instead of 'get'. Grab us two beers. How effortlessly he made me get up and pay for our drinks. It was smooth. Almost... elegant. Like a scam, but friendly.</p><p dir=""auto"">We're both guzzling down our beers and I've just finished rattling off my three humiliating stories of the week. He doesn't laugh nearly as much as I expected. In fact, his facial reactions hover somewhere between mildly amused and resting café chair.</p><p dir=""auto"">Undeterred, I move on to the gossip portion of the evening. I say: 'You know, the fake blonde? She was there when we met. The one obsessed with astrology who interrogated you about your star sign for three hours?'</p><p dir=""auto"">I'm still slandering my best friend — whom I love dearly, of course — when I notice Raphael's face has not shifted once. He's got the same expression you'd wear while watching someone assemble IKEA furniture.</p><p dir=""auto"">So I panic and then I pivot. 'When was the first time you saw <em>Borat</em>?' I ask, completely out of nowhere.</p><p dir=""auto"">He blinks at me, confused. 'Is that... <em>The Dictator</em> guy?'</p><p dir=""auto"">Immediately, my brain hisses: cancelled.</p><p dir=""auto"">I'm eager to get back to my story. I search for a narrative bridge between my fake-blonde best friend and the nightmare in human form who lives above me and treats my cigarette breaks like acts of terrorism.</p><p dir=""auto"">'Speaking of narcissists,' I begin, proudly, 'my upstairs neighbour. My God.' I exhale sharply. 'What. A. Bitch.'</p><p dir=""auto"">I'm mid-rant — on a roll, honestly — when Raphael lifts his hand like he's about to ask a question in class.</p><p dir=""auto"">'Lena...' he says.</p><p dir=""auto"">I pause. Breathless. 'Yeah?'</p><p dir=""auto"">He taps the table with his other hand, staring up as if searching for his words in the cracks of the bar ceiling.</p><p dir=""auto"">'It's just... I'm really trying to be more positive lately. And like... I don't know, you've been saying a lot of negative stuff. For the past hour. And it's just... it's kind of leaving a sour taste in my mouth.'</p><p dir=""auto"">Silence.</p><p dir=""auto"">My heart caves in. It feels like I've been slapped. Hard. And with a dead fish.</p><p dir=""auto"">'Ha ha...' I mutter, draining the last of my beer like it's a magic potion that might erase the past ten minutes. 'Sorry...'</p><p dir=""auto"">'Don't worry,' he says, smiling. It seems... genuine. Unfortunately.</p><p dir=""auto"">'There are just so many positive things we could talk about,' he continues, 'The weather's beautiful, summer's coming, maybe we have fun plans on the horizon. You know?'</p><p dir=""auto"">I feel sick. But I smile — the kind of brittle, PR-trained smile you give when someone tells you they're really into crypto.</p><p dir=""auto"">And just like that, his face slides directly into the slappable category of my mental filing system.</p><p dir=""auto"">On the metro home, I open my Notes app and type: 'Story about positivity douchebag to tell at next drinks.'</p><p dir=""auto"">I close my eyes and think about how I'll tell it — how I'll twist it just right, how I'll make people laugh. How I'll make everyone see what an arsehole he was.</p><p dir=""auto"">And then I smile to myself. Smiling is positive, right? ;)</p>","","","","","","","","",""
"nausea-winter","Fiction - English","Nausea Winter","What I have is a deciduous spirit. All I can do is wait for spring.","SHORT STORY","Beatrice Eggleston","/entries/articles/la-grande-nausée","2026-02-09T00:00:00.000Z","https://framerusercontent.com/images/7eek3MfzMHxkNA9BouMSw0rXIg.png","","NO","<p dir=""ltr"">It is winter and I feel restless. I am consumed by what can only be described as a violent nausea. It is a physical sensation but it comes not from illness, and will not be soothed by disgorging my breakfast nor by any medicine. I cannot work out what will give respite to my discomfort. A brutal purging of some sort.</p><p dir=""auto"">NAUSEA/ILLNESS/NAUSEA/ILLNESS/NAUSEA/ILLNESS/NAUSEA/ILLNESS</p><p dir=""auto"">I write on the back of my notebook, covering the whole page. I scream into my duvet. I go outside and I run; I run until my lungs signal my body to stop.</p><p dir=""auto"">Time passes. As the mornings get brighter and the days longer, my bouts of mystical nausea become less frequent, less real. Suddenly it is summer, and I find myself devoted to the cravings of my mind with a sense of complete untetheredness. I read without guilt, I write and I draw and I live in the real world so fully that those wintry spirals seem so nonsensical I'm not sure they were ever real. I feel creativity and fervid curiosity inhabit me and guide my behaviour again. I start to feel like myself.</p><p dir=""auto"">Time passes. Time passes and like a current it pulls me along. I do not feel myself moving but I notice my surroundings change. The sky bleakens, the birdsong subdues, and I sleep well into the afternoon. I feel sluggish, empty, and my journal sits untouched at my bedside. Ideas are fleeting and even in moments of inspiration I do not have the energy to entertain it. During my sixteen-hour nights I dream of being pregnant and I awake disappointed that I am not. I retreat into myself and seek total isolation. My brain activity is low and the spells of nausea return. This time they come with a message. I want a baby. I need a baby. Inside I feel stagnant, perhaps rotten; I cannot discern between the two.</p><p dir=""auto"">One evening, after a drawn out ritual of candles, incense, music and a shower hot enough to turn my dorm into a hammam, I see my journal on the bedside table and I begin to write.</p><p dir=""auto""><em>Maybe this craving, this intense, primal, bodily longing for birth that I have been feeling these past months is not a physiological, but a spiritual one.</em></p><p dir=""auto""><em>Is the essential, distinguishing characteristic of woman not to create? To ingest energy that, once internalised, is brewed and transformed into one of infinite possibilities of new, of original... and then she must push, must fight for this life, fight to return it to the world.</em></p><p dir=""auto""><em>Write more, more, more. Untangle untangle untangle untangle untangle / comb through my brain like moving fingers through hair.</em></p><p dir=""auto""><em>...The medium of words is a safe one. But it is insufficient. I do not dream in words.</em></p><p dir=""auto"">I think of David Lynch, who found a way to project his dreams to the world. I engross myself in his sermon: visions, transcendental meditation, robotic routines, a complete surrender of energy to creative practices, and, simply, creating — unrestrainedly so.</p><p dir=""auto"">And so, in an effort to mobilise my mind, I distance myself from distractions: no more social media, no more mindless stimulation. I work on my sleep pattern and I wake up to an analog alarm clock, I do the crossword and some morning stretches from my bed and have a protein-rich breakfast. I immerse myself in literature, films, video essays. I try to learn, I try to be curious. I try to be passionate.</p><p dir=""auto"">Still, something inside me feels stuck. Any initiative I take inviting myself to create is met with aversion. Nausea. I realise that there is no formula for creation, productivity, motivation. What I have is a deciduous spirit. All I can do is wait for spring.</p>","","","","","","","","",""
"la-grande-nausée","Fiction - French","La Grande Nausée","Ce que j'ai, c'est un esprit décidu. Tout ce que je peux faire, c'est attendre le printemps.","RECIT COURT","Beatrice Eggleston","/entries/articles/nausea-winter","2026-02-09T00:00:00.000Z","https://framerusercontent.com/images/7eek3MfzMHxkNA9BouMSw0rXIg.png","","NO","<p dir=""auto"">C'est l'hiver et je me sens agitée, consumée par une sensation qui ne peut se décrire que comme une nausée d'une violence écrasante. C'est une sensation physique, mais elle ne vient pas de la maladie, et ne serait soulagée ni par le rejet de mon petit-déjeuner, ni par aucun médicament. Je ne sais pas ce qui pourrait apaiser mon malaise. Une purge brutale, d'une façon ou d'une autre.</p><p dir=""auto"">NAUSÉE/HIVER/NAUSÉE/HIVER/NAUSÉE/HIVER/NAUSÉE/HIVER/</p><p dir=""auto"">J'écris au dos de mon carnet, couvrant la page entière. Je crie dans mon oreiller. Je sors et je cours, je cours jusqu'à ce que mes poumons ordonnent à mon corps de s'arrêter.</p><p dir=""auto"">Le temps passe. À mesure que les matins s'éclaircissent et que les jours s'allongent, mes crises de nausée mystique se font moins fréquentes, moins réelles. Soudain c'est l'été, et je me retrouve entièrement dévouée aux désirs de mon esprit, avec un sentiment de totale liberté et sans rien retenir. Je lis sans culpabilité, j'écris, je dessine, je vis dans le monde réel avec une telle plénitude que ces spirales intérieures hivernales me semblent si insensées que je ne suis plus sûre qu'elles aient jamais existé. Je sens la créativité et la curiosité m'habiter à nouveau, et je recommence à me sentir moi-même.</p><p dir=""auto"">Le temps passe. Le temps passe et, tel un courant, il m'emporte. Je ne me sens pas bouger mais je remarque que mon environnement change. Le ciel s'assombrit, le chant des oiseaux se tait, et je dors jusque tard dans l'après-midi. Je me sens lourde, vide, et mon journal repose intact sur ma table de nuit.</p><p dir=""auto"">Les idées sont fugaces et même dans les moments d'inspiration je n'ai pas l'énergie d'accueillir ma créativité. Durant mes nuits de seize heures je rêve d'être enceinte, et je me réveille déçue de ne pas l'être. Je me replie sur moi-même et cherche l'isolement total. Mon activité mentale est faible, et les crises viscérales de nausée reviennent.</p><p dir=""auto"">Un soir, après un long rituel de bougies, d'encens, de musique et d'une douche aussi chaude que possible, je vois mon journal sur la table de nuit et je commence à écrire.</p><p dir=""auto""><em>« Peut-être que ce désir, cette aspiration intense, primale, corporelle à la naissance que j'éprouve depuis ces derniers mois n'est pas d'ordre physiologique, mais spirituel. »</em></p><p dir=""auto"">Je pense à David Lynch, qui a trouvé un moyen de projeter ses rêves au monde. Je m'immerge dans son sermon : les visions, la méditation transcendantale, des routines d'une rigueur mécaniquement stricte, une capitulation totale de l'énergie aux pratiques créatives.</p><p dir=""auto"">Alors, dans la quête de mobiliser mon esprit, je m'éloigne des distractions : plus de réseaux sociaux, plus de stimulation sans fond. Je travaille mon rythme de sommeil et je me réveille au son d'un réveil analogique, fais les mots croisés et quelques étirements matinaux depuis mon lit, et prends un petit-déjeuner riche en protéines. Je m'immerge dans la littérature, les films, les essais vidéo. J'essaie d'apprendre, j'essaie d'être curieuse. J'essaie d'être passionnée.</p><p dir=""auto"">Et pourtant, quelque chose en moi reste bloqué. Toute initiative que je prends pour m'inviter à créer se heurte à une aversion. La nausée. Je comprends maintenant qu'il n'existe aucune formule pour la création, la productivité, la motivation. Ce que j'ai, c'est un esprit décidu. Tout ce que je peux faire, c'est attendre le printemps.</p>","","","","","","","","",""
"shibuya-dancing-fr","Fiction - French","Shibuya Dancing","Une bande d'amis part à la dérive dans la nuit de Shibuya, des jeux d'alcools aux boîtes de nuit.","RECIT COURT","Skander Lejmi","/entries/articles/shibuya-dancing-en","2026-02-25T00:00:00.000Z","https://framerusercontent.com/images/BnE603Hbf8FfIjOePgKCtntZ7o.png","","NO","<p dir=""auto"">Dom sonna à l'interphone une deuxième fois après trois longues minutes d'attente au pied de l'immeuble. Une irritation sourde montait. Quelques heures auparavant, il avait défendu avec une ferveur disproportionnée sa théorie du dosage parfait de pommes de terre pour une purée respectable, avant de décréter que le silence était la seule issue honorable devant ses amis sans pitié. Mais tout cela appartenait désormais au passé.</p><p dir=""auto"">Samedi dernier, ils traînaient dans un bar près de leur Airbnb quand un Japonais excentrique les avait abordés pour leur parler d'un DJ « à suivre absolument ». Ils n'avaient réellement compris qu'au moment où il s'était mis à tapoter frénétiquement l'affiche collée dans le fumoir. Malgré tout, la certitude presque solennelle qui émanait de l'homme avait suffi à les convaincre.</p><p dir=""auto"">La soirée tant attendue était enfin arrivée.</p><p dir=""auto"">« Ohhh ! » lança dans sa direction un individu encapuchonné, sur un ton fiévreux. Dom, fidèle à ses réflexes, se crispa aussitôt, serrant contre lui un sac qui n'existait pas, avant de se détendre en reconnaissant le visage familier. Ils montèrent l'escalier à toute vitesse pour se retrouver autour de la table du salon.</p><p dir=""auto"">Les cartes, étalées devant eux, formaient une structure arborescente. Dom jeta un coup d'œil rapide à son jeu, prenant soin de ne rien laisser transparaître. Autour de lui, les conversations se succédaient avec une intensité presque diplomatique.</p><p dir=""auto"">À mesure que les cartes se révélaient, les regards se faisaient plus insistants, cherchant déjà des victimes. La sueur perlait. Dom arriva à la dernière carte, celle qui offrait seize gorgées à distribuer sans pitié. Son regard se fixa sur George avec une jubilation presque malveillante.</p><p dir=""auto"">À minuit trente-six, un joueur à la tête d'ornithorynque commença son cérémonial. S'ensuivit une avalanche de piques verbales. Dix minutes plus tard, ils se retrouvèrent dans les rues venteuses de Shibuya.</p><p dir=""auto"">Marchant d'un pas vif devant des restaurants clos, des bars assourdissants et une entreprise d'agrafeuses, ils se frayèrent un chemin à travers les tentacules de Shibuya jusqu'à atteindre la queue du club.</p><p dir=""auto"">À peine entrés, ils furent engloutis par une foule tourbillonnante de lumières, de corps et de musique. Au milieu de la longue pièce, le corps d'un homme chauve luisait sur scène, ses mouvements en parfaite symbiose avec les sons qu'il façonnait. Les joueurs, engloutis dans ce flux, se heurtaient, riaient, sautaient comme six crevettes perdues dans une marée infinie.</p>","","","","","","","","",""
"la-chute-et-l-envol","Fiction - French","La Chute et l'Envol","Dans un bistrot bondé, une blague entendue au vol déclenche le rire volcanique de mon voisin de table.","RECIT COURT","Paul de Fressenel","/entries/articles/anatomy-of-a-laugh","2026-03-06T00:00:00.000Z","https://framerusercontent.com/images/SpuTcLkoPbquRGgeeH6yO5JeUB8.png","","NO","<p dir=""auto"">Le bistrot grouillait. Une odeur d'ail rôti flottait paresseusement dans l'air. J'étais coincé, mes coudes pris au piège entre deux inconnus. Je protégeais mon verre comme un fragile trésor. En face de moi, un homme rencontré quelques minutes plus tôt arborait un sourire de politicien.</p><p dir=""auto"">Après l'échange de politesses d'usage, le silence s'était installé confortablement entre nous. Son regard était fixé ailleurs. Après une enquête minutieuse, je compris qu'il prêtait une oreille appliquée à la table d'à côté. Naturellement, je me mis à écouter aux portes. Au bout d'un moment, le conteur improvisé prit de l'élan. Soudain, avec un retournement abrupt, il livra la chute :</p><p dir=""auto"">- <em>« Et c'est comme ça que je me suis retrouvé élu maire par accident ! »</em></p><p dir=""auto"">Amusé par cette fin inattendue, je laissai échapper un petit rire par le nez et me retournai vers ma table. Mon compagnon de dîner me regardait. Sa tête était légèrement penchée et un demi-sourire s'était installé sur le coin de sa bouche.</p><p dir=""auto"">D'un coup, sans prévenir, il éclata. Un rire brutal, total, indiscipliné. Le bistrot se figea. Ce rire ne venait pas de sa gorge, mais de plus bas, de plus loin. Du ventre, du diaphragme, des os même. Son visage se fendait sous la pression, son corps se repliait sur lui-même, les bras serrés contre les côtes.</p><p dir=""auto"">J'observais, fasciné, cet adulte en pleine cinquantaine se livrer tout entier à l'hilarité. Son corps venait de déclarer son indépendance, brandissant un drapeau invisible où l'on pouvait lire : <em>je ne réponds devant personne !</em> Je venais d'assister à un petit miracle : la conspiration parfaite d'une dizaine de muscles, de nerfs, et de réflexes qui étaient parvenus à destituer le cortex préfrontal, siège de la raison.</p><p dir=""auto"">Cette scène me rappela mes expériences passées dans la comédie. Le petit théâtre qu'est raconter une blague. J'ai toujours observé les spécialistes que je connais avec une sorte de fascination anthropologique. Leur boîte à outils est infinie. L'exagération. La parodie. L'ironie, ce sourire rusé de l'intellect. L'absurde. Chacun une variation du même motif : la dissonance.</p>","","","","","","","","",""
"eloge-de-la-mauvaise-foi","Fiction - French","Eloge de la Mauvaise Foi","Une amatrice de gossips et un guru du « good vibes only » se retrouvent autour d'un verre.","RECIT COURT","Madeleine Bellucci","/entries/articles/killed-by-kindness","2026-03-02T00:00:00.000Z","https://framerusercontent.com/images/D4OVRh41g9eFZS41sde8HrYcKk.png","","NO","<p dir=""auto"">J'arrive au bar et je suis en avance, ce qui me laisse le temps idéal pour juger silencieusement tout le monde autour de moi. À ma droite : un couple où l'homme n'arrête pas de me regarder. À ma gauche : une bande de jeunes de dix-neuf ans qui tissent des liens virils autour de litres de bière et d'une intelligence émotionnelle fraîchement découverte.</p><p dir=""auto"">Je suis venue préparée, évidemment. J'ai La Liste — vous savez, celle qu'on compile tous avant de voir une nouvelle connaissance. La mienne comprend : trois anecdotes humiliantes de cette semaine, des ragots de qualité sur des gens que Raphaël ne connaît même pas encore, et bien sûr, les anecdotes classiques sur les individus sulfureux qui me suivent à la sortie du métro.</p><p dir=""auto"">Raphaël finit par arriver et on se fait la bise — qui, soyons honnêtes, est la tentative de toute une vie des Français pour sexualiser des situations qui n'ont absolument pas besoin d'impliquer des joues, des lèvres ou une chorégraphie de têtes gênante.</p><p dir=""auto"">Je m'apprête à plonger dans ma première humiliation de la semaine quand Raphaël tape des mains sur la table et lance : « Tu veux peut-être aller nous chercher deux bières ? » avec ce sourire aux yeux écarquillés de <em>golden retriever</em> qui dit : je suis inoffensif et adorable et potentiellement un peu parasite.</p><p dir=""auto"">Donc je trotte jusqu'à l'autel du bar, où une barmaid à la coupe au bol avec des tatouages botaniques sur les avant-bras s'applique à refuser de reconnaître mon existence.</p><p dir=""auto"">Pendant que j'attends, je repasse le moment dans ma tête. La façon dont il l'a dit. Nous <em>chercher</em> deux bières. Avec quelle facilité il m'a fait me lever et payer nos verres. C'était fluide. Presque... élégant. Comme une arnaque, mais sympa.</p><p dir=""auto"">On descend tous les deux nos bières et je viens de finir de débiter mes trois histoires humiliantes de la semaine. Il ne rit pas autant que je l'espérais. En fait, ses réactions faciales oscillent quelque part entre légèrement amusé et chaise de café au repos.</p><p dir=""auto"">Je continue, m'enfonce davantage dans la trahison féminine : « elle est littéralement la personne la plus égoïste que je connaisse. Cas d'école. »</p><p dir=""auto"">Je suis toujours en train de débiner ma meilleure amie quand je remarque que le visage de Raphaël n'a pas bougé une seule fois. Il a la même expression que vous auriez en regardant quelqu'un assembler un meuble IKEA.</p><p dir=""auto"">« Lena... » il dit. Je m'arrête. « C'est juste... j'essaie vraiment d'être plus positif ces derniers temps. Et... je sais pas, tu dis plein de trucs négatifs. Depuis une heure. Et c'est juste que... ça me laisse un goût amer dans la bouche. »</p><p dir=""auto"">Silence. Mon cœur s'effondre. J'ai l'impression de m'être pris une claque. Violente. Et avec un poisson mort.</p><p dir=""auto"">Mais je souris — le genre de sourire cassant qu'on fait quand quelqu'un vous dit qu'il est vraiment à fond dans la crypto.</p><p dir=""auto"">Dans le métro du retour, j'ouvre mon appli Notes et je tape : « Histoire sur le connard de la positivité à raconter au prochain verre. » Et puis je souris toute seule. Sourire c'est positif, non ? ;)</p>","","","","","","","","",""
"the-world-of-yesterday","Literature - English","The World of Yesterday","Has there ever been a more thoroughly European writer than Stefan Zweig?","BOOK REVIEW","Peter Meilaender","","2026-05-06T00:00:00.000Z","https://framerusercontent.com/images/beaLuBNhGQR1GUnkJb097NZCaI.png","","English","<p dir=""ltr"">Romain Rolland. Thomas Mann. H. G. Wells. Hugo von Hofmannsthal. James Joyce. Jane Addams. Arthur Schnitzler. Richard Strauss. Maurice Ravel. Béla Bartók. Arturo Toscanini.</p><p dir=""ltr"">Question: What do they all have in common?</p><p dir=""ltr"">Answer: They are some of the famous names that appeared in the guestbook at Stefan Zweig's home in Salzburg between the World Wars, a home that fulfilled a dream of his by becoming <em>a European house</em>.</p><p dir=""ltr"">We find them all, together with other famous acquaintances — Herzl, Rilke, Freud, von Suttner — between the covers of Zweig's extraordinary memoir, <em>The World of Yesterday</em>. It is as if Zweig had captured the spirit of the Viennese coffeehouse, simultaneously intellectual and convivial, and spread it across the entire European continent in a restless search for a border-crossing fraternity of the mind.</p><p dir=""ltr"">Has there ever been a more thoroughly European writer than Stefan Zweig? From Austria to Germany, Brussels, France, England, Switzerland, Italy, even the Soviet Union — <em>The World of Yesterday</em> relates Zweig's travels back and forth across the continent, his countless friendships, his literary efforts and his translations, his endless affirmation and encouragement of other artists.</p><p dir=""ltr"">As Zweig describes his remarkable network of acquaintances, a veil of elegiac melancholy hangs over his words. For we know where it is all heading. <em>The World of Yesterday</em> is ultimately tragic, because the <em>world of security</em> in which Zweig grew up, during the late decades of the Habsburg Empire, is careening toward its destruction in two terrible wars. The tragedy is not simply cultural or political, it is also deeply personal: Zweig finished the memoir less than a year before he committed suicide together with his second wife, Lotte, in Petrópolis, Brazil, his dream of European fellowship crushed by war and exile.</p><p dir=""ltr"">Somehow, Zweig maintained his commitment to personal freedom, a freedom of the spirit, up until the end. <em>'For me,'</em> he writes, <em>'personal liberty was the most important thing on earth.'</em></p><p dir=""ltr"">The memoir's sad ending, however, by no means negates the cheerful, even optimistic spirit that radiates from the pages of Zweig's book. It is impossible to read <em>The World of Yesterday</em> and not be inspired by his boundless enthusiasm for artistic creativity and an international republic of letters.</p><p dir=""ltr"">Tucked between pages 140 and 141 of my own copy of <em>The World of Yesterday</em> is a faded but still legible receipt: « <em>14 March 2016, Café Landtmann, Universitätsring 4, Vienna.</em> » One of the great Viennese coffeehouses, it existed already in Zweig's day. There would be worse ways to honor Zweig's memory than by gathering in a Viennese coffeehouse with friends from around the continent to reinvigorate the spirit of intellectual brotherhood that he so loved.</p>","","","","","","","","",""
"salammbo-flaubert-en","Literature - English","Salammbô, Flaubert","As formidable as the elephants that traverse its pages, destroying everything in their path.","BOOK REVIEW","Anna Kowalska","/entries/articles/salammbo-flaubert-fr","2026-03-09T00:00:00.000Z","https://framerusercontent.com/images/U73axqrxLZXy5J7mXewyt08pNc.png","","NO","<p dir=""auto"">I began the year with Flaubert's <em>Salammbô</em>, inspired by his adventures in the Near East. I don't think we have visited the same holiday resorts. Form-fitting tunics, oiled and muscle-bound Maciste figures in sandals, princesses baring their navels — none of this appeals to me. And yet, for all that, I consider it a literary masterpiece.</p><p dir=""auto"">From the opening lines, the tone is established. It is at once disarmingly simple, remarkably poetic, and lavishly exotic. Listen closely, for Flaubert offers the singular pleasure of reading aloud: <em>'It was at Megara, a suburb of Carthage, in the gardens of Hamilcar.'</em> It sounds like the beginning of a fable, with this resonant and harmonious sentence that rings like a haiku and compels you to turn the page.</p><p dir=""auto"">It is an immense novel, like the elephants that traverse its pages, crushing everything in their path. Flaubert's imagination here reaches its zenith. A tempest of images. An avalanche of sensations, emotions, consuming passion.</p><p dir=""auto"">We are in the third century BC, following the First Punic War. The wealthy merchants of Carthage, more preoccupied with their fortunes than with the city itself, refuse to pay what they owe the mercenary army that fought valiantly against Rome alongside Hamilcar. The mercenaries thus resolve to revolt and besiege the city. One man, the mercenary leader, the Libyan Mâtho, falls desperately in love with Salammbô, the general's daughter and priestess of Tanit, goddess of the Moon. From this encounter springs a fatal bond that will plunge all into war.</p><p dir=""auto"">It is a narrative of tremendous savagery. Flaubert's language, in its precision, exists to articulate the unspeakable. Salammbô embodies not merely passionate love — she is a femme fatale, accursed, like those figures from mythology whose beauty sparked wars and precipitated the collapse of empires. How can one not think of Helen, of the Trojan War, of the <em>Iliad</em>? The luminous beauty of Salammbô's prose is timeless. It is as intoxicating and devastating as the armies that clash beneath the Carthaginian sun.</p>","","","","","","","","",""
"the-death-of-ivan-ilyitch","Literature - English","The Death of Ivan Ilyitch","And it is in this dissolution, in the humiliating proximity of death, that something extraordinary happens.","BOOK REVIEW","Milana Petrova","/entries/articles/la-mort-d-ivan-ilyitch","2026-03-02T00:00:00.000Z","https://framerusercontent.com/images/aPLo3JY2EosJqjmByAwHDd38.png","","NO","<p dir=""auto""><em>The Death of Ivan Ilyich</em> is a short book about a man who wastes his life and dies. This summary is accurate and completely beside the point. What Tolstoy actually wrote is a precise, merciless account of what happens when a person never once asks themselves whether the life they are living is genuinely their own.</p><p dir=""auto"">Ivan Ilyich, Tolstoy's celebrated magistrate, has spent his lifetime suppressing his affinities. He constructs his existence with the careful, joyless efficiency of a bureaucrat filing papers: the correct career, the correct wife, the correct furnishings in the correct drawing room. He belongs to the class of people for whom the performance of a life has entirely displaced the living of one. When he hangs the drapes in his new apartment, Tolstoy tells us he feels a particular pleasure, not the pleasure of beauty, but of conformity, of having arranged things <em>'as people of a certain standing arrange them.'</em></p><p dir=""auto"">Then the fall. Literally: a banal domestic accident while hanging curtains leaves him with an internal injury that will not heal. The body, which social convention cannot discipline as thoroughly as the mind, begins its slow refusal. And it is in this dissolution, in the humiliating proximity of death, that something extraordinary happens. The masks begin to slip. Ivan Ilyich fights it, retreating into denial, into the bureaucratic fantasy that the right doctor, the right diagnosis, the correct procedure will file the illness away and restore order. But the body does not comply.</p><p dir=""auto"">In his final hours, after an agonized confession to his son that he has lived badly, something releases. In slowly allowing the raw and authentic parts of himself to finally surface — the regret, the vulnerability — Ivan Ilyich steps, for the first time, into alignment.</p><p dir=""auto"">What Tolstoy tells us is that the necessary condition for these affinities to crystallize into moments of alignment is that of authenticity. In accepting rather than concealing our inner nature, our identity unfolds as a collection of resonances that we have allowed to materialize. In the spontaneous laugh that escapes us, the involuntary rush in our eyes when we recognise love, our authentic pulse opens up a space, allowing us, for a brief moment, to be aligned.</p>","","","","","","","","",""
"on-creative-alienation","Literature - English","On Creative Alienation","While imagination holds no limit, the painting must fit on the canvas and the symphony must unfold on time.","SHORT ESSAY","Paul de Fressenel","/entries/articles/sur-l-aliénation-de-l-artiste","2026-02-26T00:00:00.000Z","https://framerusercontent.com/images/rvX2lCV3QUZ0aNPvs4TphUOeb8E.png","","NO","<p dir=""auto"">In <em>The Glass Bead Game</em>, Hermann Hesse presents a character, the Music Master, who has dedicated his life to discovering the correspondence between mathematical order and musical beauty. As he exposes the state of his research, he shares his terrible torment: in his introspection, he has glimpsed, in moments of profound clarity, <em>'the pure essence of mathematical harmony in music'</em>. Yet, the instant his pen approaches the parchment, each note he attempts to transcribe seems to betray the perfect harmonies he has touched upon inwardly.</p><p dir=""auto"">Here lies what Hesse characterizes as 'the eternal struggle of the creative process'. When the artist attempts to give form to his inner vision in order to fix it in place, he finds that it is inevitably alienated, compressed into the finite constraints of form and language. While imagination holds no boundaries, the painting must fit on the canvas, the symphony must unfold on time, the novel must proceed through sequential pages.</p><p dir=""auto"">Yet perhaps the perpetual failure of the artist to attain authentic representation points not to art's limitation but to its true purpose. In <em>The Origin of the Work of Art</em>, Martin Heidegger suggests that the function of art is not one of representation but of disclosure: the artwork should not represent the inner experience of the artist, but instead create conditions where such experience can unfold within the viewer. While the precise architecture of Mozart's compositions may be only an approximation of the transcendent state he felt while writing them, they create an environment that allows for direct encounter with the Sublime. The failure of perfect representation becomes the source for infinite other visions to unfold.</p>","","","","","","","","",""
"narcissus-and-goldmund-en","Literature - English","Narcissus and Goldmund","In this initiation novel, Hermann Hesse carves out the duality between the thinker and the artist.","BOOK REVIEW","Laura Schäfer","/entries/articles/narcissus-and-goldmund-fr","2026-02-19T00:00:00.000Z","https://framerusercontent.com/images/ka3b4zWvAEfCXPRPdVekBuEXwR8.png","","NO","<p dir=""auto"">Behind the cloistered walls of the Mariabronn monastery, Narcissus, a young monk, pursues a life of extreme discipline and abstinence. Into this sanctuary arrives ardent Goldmund, a student imbued by his father with an ambition to pursue this same sacred path. These two characters portray the inherent duality that we find in ourselves.</p><p dir=""auto"">In establishing the contrast between the thinker and the artist, Hesse carves out two symbols of human identity. Narcissus is the paragon of the paternal path, distilling meaning through rigorous intellectual contemplation. Goldmund lies on the other side, the epitomical symbol of the maternal path, where meaning is derived through immersion in life's immediate intensity.</p><p dir=""auto"">Narcissus says to Goldmund: <em>'Natures of your kind, with strong, delicate senses, the soul-oriented, the dreamers, poets, lovers are almost always superior to us creatures of the mind. You take your being from your mothers. You live fully; you were endowed with the strength of love, the ability to feel. Whereas we creatures of reason, we don't live fully; we live in an arid land, even though we often seem to guide and rule you. Yours is the plenitude of life, the sap of the fruit, the garden of passion, the beautiful landscape of art. Your home is the earth; ours is the world of ideas. You are an artist; I am a thinker. You sleep at the mother's breast; I wake in the desert.'</em></p><p dir=""auto"">Once awakened to his authentic nature, Goldmund plunges into the chaotic undercurrents of reality, wandering highways and forests, enduring physical hardship, and embracing both the ecstasies and agonies that come from looking life in the eye.</p><p dir=""auto"">Having disarmed the reader, almost as Narcissus disarms Goldmund, Hesse can finally invite his profound, long-awaited questioning of how we ought to live, a questioning that now puts freedom and discipline on equal footing.</p>","","","","","","","","",""
"kolkhoze","Literature - French","Kolkhoze","Une lecture à la lumière de Marguerite Yourcenar, entre lucidité filiale et dignité face à la mort.","CRITIQUE","Anna Canonne","","2026-05-20T00:00:00.000Z","https://framerusercontent.com/images/1W8iTuSHY8HWRdHwXktUiSiLmE.png","","NO","<p dir=""ltr"">Dans <em>Souvenirs Pieux</em>, le premier tome de la trilogie qu'elle consacre à sa famille, Marguerite Yourcenar, dont la mère est morte en lui donnant naissance, se demande si, l'ayant connue, elle l'aurait aimée. Pour ceux qui ne se bercent pas d'illusions et regardent en face ce qui est — nul doute qu'Emmanuel Carrère appartient à cette catégorie — ces propos frappent par leur honnêteté foncière et leur grande justesse.</p><p dir=""ltr"">Il existe néanmoins une différence de taille entre Emmanuel Carrère et Marguerite Yourcenar : lui a connu l'amour sans limite qui l'a uni à sa mère dans l'enfance, une mère dont il a re-découvert grâce à l'écriture de ce livre combien elle était tendre, aimante, protectrice sans être étouffante. Une mère merveilleuse qui, lors des absences répétées du père, aimait rassembler pour la nuit ses trois enfants autour d'elle dans la chambre conjugale pour y « faire kolkhoze ».</p><p dir=""ltr"">Si sa mère, Hélène Carrère d'Encausse née Zourabichvili, apatride comme l'étaient ses parents et ses grand-parents chassés de Géorgie et de Russie par la révolution de 1917, est l'héroïne de Kolkhoze, une autre figure évolue dans son ombre. C'est cela aussi, l'inespéré pour Emmanuel Carrère : accorder davantage de place dans le récit et en lui-même à son père Louis qui, depuis sa rencontre avec la flamboyante Hélène jusqu'à sa mort, a résolument choisi le côté de sa femme.</p><p dir=""ltr"">Ce désaccord profond entre ce que l'on doit taire et ce que l'on doit révéler, entre mensonge et vérité, fracture la famille en deux, avec de part et d'autre deux visions irréconciliables.</p><p dir=""ltr"">L'histoire retiendra peut-être, au-delà de son parcours exceptionnel, qu'Hélène Carrère d'Encausse est entrée dans la mort avec une majestueuse humilité, conférant à ses derniers instants une grandeur qui m'est apparue comme le couronnement d'une vie.</p>","","","","","","","","",""
"cyrano-de-bergerac","Literature - French","Cyrano de Bergerac","Ah ! Cyrano ! Cyrano ! Je défaille à ton nom, à ta seule évocation, noble Sire, anneau de mes épousailles avec la lyre.","CRITIQUE","Chris Chauvin","","2026-05-06T00:00:00.000Z","https://framerusercontent.com/images/vCKEmqw3QLElDM1YCEsmreXv7A.png","","French","<p dir=""auto"">Ah ! Cyrano ! Cyrano ! Je défaille à ton nom, à ta seule évocation, noble Sire, anneau de mes épousailles avec la lyre, avec la fougue, avec l'immatériel.</p><p dir=""auto"">Il y a quelque chose d'une époque révolue, quelque chose comme on n'en fait plus. Même pour l'époque de Rostand, un je-ne sais-quoi, un parfum 1600, un mélange de Cervantès et de Shakespeare.</p><p dir=""auto""><em>Cyrano de Bergerac</em> est l'ultime avatar de ces temps où le français était un art, ou dentelle ou brodé, piqué, surpiqué un fil d'or de douze pieds ; un art qu'on plaçait comme un étendard pour dire : « Vous voyez, je suis Français, jugez comme ça sonne ! »</p><p dir=""auto"">Indéniablement, il y a du Don Quichotte dans Cyrano, une chevalerie d'un autre temps, batailleur pour un rien et surtout si c'est inutile. Le personnage de Don Quichotte est d'ailleurs mentionné dans la pièce. Il y a également dans son amour illimité pour Roxane une bonne dose de celui de l'hidalgo pour sa Dulcinée.</p><p dir=""auto"">Il y a aussi indubitablement des accents shakespeariens tels que la fameuse scène du balcon de l'acte III, qui évoque sans ambages <em>Roméo et Juliette</em>.</p><p dir=""auto"">Rostand intitule sa pièce « comédie héroïque » ; j'écrirais plus volontiers tragi-comédie car constamment, derrière des bribes de comique, il y a de la douleur, du tragique, des souffrances pudiquement retenues qui évoquent en nous des larmes qui n'ont rien d'un rire.</p><p dir=""auto"">Cette pièce est une histoire d'amour, enrobée dans beaucoup d'autres choses. L'amour d'un homme qui porte une plaie béante en plein milieu de la figure, qui lui interdit d'accéder à la félicité d'être aimé par celle qu'il voudrait.</p><p dir=""auto"">Ce Cyrano, si laid dehors, si beau dedans, touche à l'inconscient collectif. Peut-être est-ce là le vrai secret de Cyrano : matérialiser cette incompréhension du monde à notre charme et à notre beauté intérieure.</p>","","","","","","","","",""
"les-nuits-blanches","Literature - French","Les Nuits Blanches","On y sent en germe les fragiles penchants du prince Muichkine de L'Idiot ou du Aliocha des Frères Karamazov.","CRITIQUE","Chris Chauvin","","2026-04-27T00:00:00.000Z","https://framerusercontent.com/images/BdWyZB3zXkX3fkv2rOR5pLH7sH0.png","","French","<p dir=""auto"">Les Nuits Blanches, c'est l'histoire d'un éclair, puis la nuit. C'est l'histoire d'une rencontre improbable entre deux êtres improbables.</p><p dir=""auto"">Dostoïevski est vraiment tout à fait lui-même dans cette nouvelle ; torturé, hypersensible, amoureux, naïf, pessimiste et inadapté socialement. Ses personnages sont tout cela, et l'on y sent en germe les fragiles penchants du prince Muichkine de L'Idiot ou du Aliocha des Frères Karamazov.</p><p dir=""auto"">Un homme, un original, un rêveur, un marginal passe son temps à se construire des contes à propos de tout ; des lieux, des personnes qu'il croise, de la psychologie intime ou du revêtement extérieur de chaque maison qu'il côtoie.</p><p dir=""auto"">Le soir, c'est son moment favori, car il y peut à loisir laisser divaguer son esprit fécond dans de folles digressions quand la nuit drape d'un voile de ténèbres ces si belles rues de Pétersbourg.</p><p dir=""auto"">Un soir précisément, alors qu'il est occupé à détailler les faciès des hommes et les façades des maisons, notre homme croise une femme accoudée au parapet d'un pont sur la Neva. Elle semble pleurer.</p><p dir=""auto"">Gauche, timide, peu sûr de lui et conscient de sa relative inadaptation au monde des humains, le narrateur hésite à l'aborder. Soudain, un homme sur l'autre trottoir, un homme éméché qui semble vouloir chercher noise à la petite créature du pont. Le narrateur court lui porter secours. L'importun est écarté, la conversation peut commencer.</p><p dir=""auto"">Fiodor Dostoïevski met toute sa sensitivité, sa sensibilité, son acuité émotionnelle dans la narration de cette nouvelle, une pure et délectable histoire d'amour.</p>","","","","","","","","",""
"salammbo-flaubert-fr","Literature - French","Salammbô, Flaubert","Aussi formidable que les éléphants qui traversent les pages, détruisant tout sur leur passage.","CRITIQUE","Anna Kowalska","/entries/articles/salammbo-flaubert-en","2026-03-09T00:00:00.000Z","https://framerusercontent.com/images/U73axqrxLZXy5J7mXewyt08pNc.png","","NO","<p dir=""auto"">J'ai attaqué l'année avec <em>Salammbô</em> de Gustave Flaubert, inspiré par ses escapades au Proche-Orient. Je n'ai pas dû fréquenter les mêmes clubs de vacances. Les tuniques moulantes, les Maciste en sandales huilés ne constituent pas ma tasse de thé. Et pourtant c'est, pour moi, un véritable chef-d'œuvre littéraire.</p><p dir=""auto"">Dès l'incipit, le ton est donné. Il est à la fois d'une simplicité désarmante, d'une poésie inouïe et d'un exotisme flamboyant. Écoutez un peu, car Flaubert, c'est aussi le bonheur de le lire à haute voix : <em>'C'était à Mégara, faubourg de Carthage, dans les jardins d'Hamilcar.'</em> Cela ressemble au début d'une fable. C'est un roman énorme comme les éléphants qui traversent les pages, détruisent tout sur leur passage.</p><p dir=""auto"">Nous sommes au IIIe siècle avant J.C., après la première guerre punique. Les riches marchands de Carthage refusent de payer ce qu'ils doivent à l'armée de mercenaires. Ils décident alors de se révolter et d'attaquer la ville. Un homme, le chef des mercenaires, le libyen Mâtho tombe alors éperdument amoureux de Salammbô, la fille du général mais aussi prêtresse de Tanit déesse de la Lune.</p><p dir=""auto"">C'est un récit d'une très grande férocité. Les mots de Flaubert dans leur justesse sont là aussi pour dire l'innommable. Dans ce désastre et cette folie, Salammbô n'incarne pas que la passion amoureuse, c'est une femme fatale, damnée, comme celles des récits de la mythologie. La beauté fluide de l'écriture de Salammbô est intemporelle. Elle est envoûtante et dévastatrice comme les armées qui s'affrontent sous le soleil de Carthage.</p>","","","","","","","","",""
"la-mort-d-ivan-ilyitch","Literature - French","La Mort d'Ivan Ilyitch","Et c'est dans cette dissolution, dans l'humiliante proximité de la mort, que survient l'extraordinaire.","CRITIQUE","Milana Petrova","/entries/articles/the-death-of-ivan-ilyitch","2026-03-02T00:00:00.000Z","https://framerusercontent.com/images/aPLo3JY2EosJqjmByAwHDd38.png","","NO","<p dir=""auto""><em>La Mort d'Ivan Ilitch</em> est une nouvelle sur un homme qui gâche sa vie et meurt. Ce résumé est exact mais passe complètement à côté de l'essentiel. Ce que Tolstoï a réellement écrit est un récit précis et sans pitié de ce qui arrive quand on ne se demande jamais si la vie que l'on mène est véritablement la sienne.</p><p dir=""auto"">Ivan Ilitch, le célèbre magistrat de Tolstoï, a passé sa vie à étouffer ses affinités. Il bâtit son existence avec l'efficacité mécanique et sans joie d'un bureaucrate classant ses dossiers : la carrière qu'il faut, l'épouse qu'il faut, les meubles qu'il faut dans le salon qu'il faut. Lorsqu'il accroche les rideaux de son nouvel appartement, Tolstoï nous dit qu'il y trouve un plaisir particulier, non pas celui du beau, mais celui de la conformité.</p><p dir=""auto"">Puis la chute. Au sens propre : un banal accident domestique lui laisse une blessure qui ne guérira pas. Le corps, que la convention sociale ne saurait discipliner aussi complètement que l'esprit, amorce son lent refus. Et c'est dans cette dissolution, dans l'humiliante proximité de la mort, que survient l'extraordinaire. Les masques commencent à glisser.</p><p dir=""auto"">Dans ses dernières heures, après une confession déchirante à son fils où il reconnaît avoir mal vécu, quelque chose se desserre. En laissant enfin affleurer les parts les plus brutes et les plus vraies de lui-même, Ivan Ilitch rencontre, pour la première fois, <em>l'alignement</em>.</p>","","","","","","","","",""
"sur-l-aliénation-de-l-artiste","Literature - French","Sur l'Aliénation de l'Artiste","Alors que l'imagination est sans limite, le tableau doit tenir sur la toile et la symphonie dans les temps.","ESSAI COURT","Paul de Fressenel","/entries/articles/on-creative-alienation","2026-02-26T00:00:00.000Z","https://framerusercontent.com/images/rvX2lCV3QUZ0aNPvs4TphUOeb8E.png","","NO","<p dir=""auto"">Dans <em>Le Jeu des perles de verre</em>, Hermann Hesse met en scène un personnage, le Maître de la Musique, qui a consacré sa vie à découvrir la correspondance entre l'ordre mathématique et la beauté musicale. En exposant ses recherches, il partage son terrible tourment : dans son introspection, il a entrevu, dans des moments de profonde clarté, <em>'l'essence pure de l'harmonie mathématique dans la musique'</em>. Pourtant, dès l'instant où sa plume s'approche du parchemin, chaque note qu'il tente de retranscrire lui semble trahir les harmonies parfaites qu'il a effleurées intérieurement.</p><p dir=""auto"">C'est là que réside ce que Hesse caractérise comme 'la lutte éternelle du processus créatif'. Lorsque l'artiste tente de donner forme à sa vision intérieure, il découvre qu'elle se trouve inévitablement aliénée, comprimée dans les contraintes finies de la forme et du langage. Tandis que l'imagination ne connaît aucune limite, le tableau doit tenir sur la toile, la symphonie doit se déployer dans le temps, le roman doit s'enchaîner à travers des pages séquentielles.</p><p dir=""auto"">Pourtant, l'échec perpétuel de l'artiste à atteindre une représentation authentique ne renvoie peut-être pas à la limitation de l'Art mais à sa véritable raison d'être. Dans <em>L'Origine de l'Œuvre d'art</em>, Martin Heidegger suggère que la fonction de l'art n'est pas celle de la représentation mais celle du dévoilement. Bien que l'architecture précise des compositions de Mozart ne soit peut-être qu'une approximation de l'état transcendant qu'il ressentait en les écrivant, elles créent un environnement qui permet la rencontre directe avec le Sublime.</p>","","","","","","","","",""
"narcissus-and-goldmund-fr","Literature - French","Narcisse et Goldmund","Dans ce roman initiatique, Hermann Hesse met en lumière la dualité entre le penseur et l'artiste.","CRITIQUE","Laura Schäfer","/entries/articles/narcissus-and-goldmund-en","2026-02-19T00:00:00.000Z","https://framerusercontent.com/images/ka3b4zWvAEfCXPRPdVekBuEXwR8.png","","NO","<p dir=""auto"">Derrière les murs clos du monastère de Mariabronn, Narcisse, jeune moine d'une discipline exemplaire, mène une existence d'ascèse et de rigueur. C'est dans ce sanctuaire qu'arrive Goldmund, un jeune étudiant que son père destine à la même vocation. Ces deux êtres incarnent une dualité que chacun de nous porte en soi.</p><p dir=""auto"">En les confrontant, Hesse façonne deux figures de l'identité humaine. Narcisse représente la voie paternelle : il cherche le sens dans la contemplation rigoureuse et l'abstraction. Goldmund, lui, se tient à l'opposé. C'est le symbole de la voie maternelle, où le sens jaillit de l'immersion dans l'immédiateté de la vie.</p><p dir=""auto"">Narcisse dit à Goldmund : <em>« Les natures comme la tienne, dotées de sens vifs et délicats, les êtres tournés vers l'âme, les rêveurs, les poètes, les amants, vous êtes presque toujours supérieurs à nous, créatures de l'esprit. Vous tenez votre être de vos mères. Vous vivez pleinement. »</em></p><p dir=""auto"">Une fois éveillé à sa vraie nature, Goldmund se jette dans les courants désordonnés du monde réel, errant sur les routes et dans les forêts, traversant épreuves et souffrances, embrassant les extases et les tourments que réserve le face-à-face avec la vie.</p><p dir=""auto"">Ayant ainsi désamorcé les défenses du lecteur, Hesse peut enfin poser sa grande question, longuement préparée : comment devons-nous vivre ? Une question qui, désormais, place la liberté et la discipline sur un pied d'égalité.</p>","","","","","","","","",""
"etude-blue","Arts - English","Etude Blue!","A celebration of music through Etude Blue and a eulogy to the catastrophic inadequacy of language.","MUSIC","Léopold Sinclair","","2026-04-30T00:00:00.000Z","https://framerusercontent.com/images/GR0NCzltbqnzYrqQmUYgwYiJEOE.png","","English","<p dir=""ltr"">Try describing the smell of your childhood dish. Language is catastrophically ill-equipped for this task. Although it has done extraordinary things within its jurisdiction, and its jurisdiction is vast, it was not built for this. It was built for coordination: for telling someone where the water is, for negotiating the terms of a trade, for establishing which berries are poison.</p><p dir=""ltr"">Even in its most elevated form or in the hands of its most gifted practitioners, we can still feel the gravitational pull of the practical: words want to mean things. Specific, verifiable, communicable things. They want to point at objects in the world and say: <em>that</em>. And they are most comfortable when there is a <em>that</em> to point at.</p><p dir=""ltr"">Music has no <em>that</em>. It points sideways, or in some direction for which there is no such preposition.</p><p dir=""ltr"">Listening to <em>Etude Blue</em> for the first time, I saw myself lying on a field of grass with a lover in Central Park, even though I was in France, alone, and I have never set foot in New York. For some reason, this sequence of vibrations colonized my chest and tricked my brain into welcoming this entirely invented scene. Isn't this free online teleporter the strongest rebellion against the finitude and chaos of insatiable time?</p><p dir=""ltr"">Over the years, I have learned to take advantage of it. All of a sudden, I was six years old, standing in my grandmother's kitchen, watching her cut cookies into squares. Not rounds! She said <em>'Non è originale!'</em>. I could smell the air, the oven, I could see her beautiful crooked smile.</p><p dir=""ltr"">I have absolutely no certainty that your response will resemble mine even remotely. Some of you may find this ridiculous, others beautiful. This is either a miracle or a trick, and the exhilarating thing is that the distinction does not matter.</p>","","","","","","","","https://framerusercontent.com/assets/A3K6g6Ffjxdj34CtB1othtsvY.mp3","Etude Blue by BAIRD. Listen while reading."
"nietzsche-through-marty-mauser-and-alysa-liu","Arts - English","Nietzsche through Marty Mauser and Alysa Liu","These two characters reignite the force that drives you to paint on a larger canvas.","MOSAIC","Adrien Bréval","/entries/articles/sur-nietzsche-chez-marty-mauser-et-alysa-liu","2026-04-27T00:00:00.000Z","https://framerusercontent.com/images/qzJh8CLfgNMrxFIASbLEpx0E9o.png","","English","<p dir=""ltr"">Ordinary life tends to follow the same worn script: a comfortable monotony governed by constraints and punctuated by sorrow. But every so often, lightning strikes. A burning shock that grabs you by the collar and whispers that there is more to this existence than its slow, languid suffocation.</p><p dir=""ltr"">In <em>The Gay Science</em>, Nietzsche writes that happiness lives inside the struggle. Reading him, it's hard not to feel summoned toward something greater. A spark catches somewhere deep in the gut: the call to excellence. <em>'Ultimate nobility lies in the exception.'</em> A mantra that has driven whole generations to throw themselves entirely into becoming an athlete, a philosopher, an astrophysicist, a pianist. But sometimes routine wins. Sometimes the light that once guided you dissolves into the fog of doubt and exhaustion.</p><p dir=""ltr"">On a Friday evening, I went to see <em>Marty Supreme</em>. The most Nietzschean film I have ever watched. Marty Mauser himself: arrogant, amoral, consumed by a dream as pure as a diamond. I have never seen outsized ambition, wild and irrational optimism, embodied so fully on screen. Every frame sweats with panache, with a loose-limbed confidence, with the absolute urgency of becoming who you are, whatever it costs. Josh Safdie's film is an invitation to devour life in all its contradictions, much like Nietzsche's <em>amor fati</em>.</p><p dir=""ltr"">A few days later, I turned on the television for the Olympic figure skating. And, like many people, it was there that I first encountered Alysa Liu. Her graceful, fierce, effortless, irreverent skating was occasionally punctuated by a <em>'That's what I'm fucking talking about!'</em> People whose vitality overflows like hers are rare, especially in an age when everything is being smoothed down and sterilized.</p><p dir=""ltr"">Watching these two people reignites something that everything else seems conspiring to extinguish. That force which drives you to paint on a larger canvas, to fight back against the grey dailiness.</p><p dir=""ltr"">'Whatever your hand finds to do, do it with all your might; for there is no activity or planning or knowledge or wisdom in Sheol where you are going.' Ecclesiastes 9:10</p>","","","","","","","","",""
"mektoub-my-love-en","Arts - English","Mektoub, My Love","These three hours felt like a long month of August, where everything is so slow but also passes so quickly.","FILM REVIEW","Raphaël Touzelet","/entries/articles/mektoub-my-love-fr","2026-03-08T00:00:00.000Z","https://framerusercontent.com/images/TRm6FXxT93fvqSiHDv22ooCFWoY.png","","NO","<p dir=""auto"">Sublime, everything is sublime. From the very first scene I was captivated: that conversation between Amin and Ophélie, and in a single scene Kechiche announces all his talent for what will make up the bulk of the film: dialogue. You feel that nothing is written; the characters talk about trivial things, they fill the void, there are awkward silences, repetitions, the actors even correct their own pronunciation. This is one of the film's three facets: realism.</p><p dir=""auto"">I don't know how it's possible to get acting this natural. The timing of the laughs, the smiles, the lines can't be calculated or rehearsed; everything is pure improvisation, pure life. Kechiche chose around thirty people to spend a vacation together and turned it into a film of pure, real moments.</p><p dir=""auto"">I really appreciated the way the film gives genuine importance to every character. Sure, Amin is the 'main' character simply because we see everything through his eyes, but he matters no more to the story than Charlotte, Ophélie, or Céline.</p><p dir=""auto"">Because yes, this is a film that films bodies, and that's its second facet: desire. The actors in the film are all beautiful to look at. Sensuality passes through looks: all it takes is a slightly lingering glance between Ophélie and Amin followed by a small, embarrassed laugh for us to understand everything.</p><p dir=""auto"">Finally, and this is the facet that gives the film its full depth: grace. It's a film touched by a mystical beauty. The film is filled with clearly religious images, drawn from both Catholicism and Islam. And then there are the sheep. The scenes on Ophélie's farm are among my favorites.</p><p dir=""auto"">But amid all this beauty, real and mystical, tender and erotic, there is pain. A real wound, and it belongs to Amin. He looks lovingly at Ophélie as she neglects him, and turns away every girl who desires him so openly. He is alone, in the middle of golden beaches.</p><p dir=""auto"">If <em>Mektoub, My Love</em> is a great film, it's also thanks to its editing. These three hours feel exactly like a long month of August, where everything is slow, yet everything passes so quickly. And in the end, all that remains are a few beautiful memories, and many regrets.</p>","","","","","","","","",""
"vivaldi-my-dad-and-i","Arts - English","Vivaldi, my Dad, and I","With his handmade amplifiers and speakers, my father's passion for sound filled our home with music.","MUSIC","Shweta Menon","/entries/articles/vivaldi-mon-père-et-moi","2026-03-03T00:00:00.000Z","https://framerusercontent.com/images/dqYpcO7PwY8UdOQqBSZBZgl2CXA.png","","NO","<p dir=""auto"">When people say that classical music can sound like rain, they are usually thinking of Antonio Vivaldi. His music does more than play notes. It brings entire seasons to life.</p><p dir=""auto"">My father's love for sound was immense and deep. His devotion to his Hi-fi system, and his urge to build his own amplifiers and speakers using his engineering skills, made music something physical in our home — something we felt in our bodies, in the vibration of the room, in the way the air itself seemed to move.</p><p dir=""auto"">My entire childhood was shaped by both Western classical and Indian classical music. I remember my granny insisting that I listen to Indian classical, taking me for Karnatic music classes to learn to sing. I was barely four years old. I would sit there in a group with older children, trying to sing or pretending to sing, hoping the teacher would never notice that I was lip syncing.</p><p dir=""auto"">Over time, Western classical became something my dad and I especially shared. It became our quiet space, our common ground. Through composers like Mozart, Vivaldi, and Bach, we built a bond that did not need many words.</p><p dir=""auto"">When you close your eyes and truly listen, you are no longer in the room. You are somewhere else entirely. In The Four Seasons, soft rainfall and slow moving streams feel gentle and alive, almost tender. Then, without warning, the mood shifts. The rain grows heavier. Thunder crashes.</p><p dir=""auto"">What always amazed me, even as a child, was how real it felt. Vivaldi composed this music in the early 1700s, long before recordings or modern technology. And yet he captured the feeling of nature with astonishing precision. With nothing but instruments and imagination, he recreated rain, storms, wind, and calm in a way that still feels alive centuries later.</p><p dir=""auto"">I understand now that what my dad gave me was not just a love for classical music. He gave me a way to feel close to him, no matter where we are. Vivaldi is not just a composer in my life. He is part of how my father and I stay connected.</p>","","","","","","","","",""
"the-dissonance-of-jazz","Arts - English","The Dissonance of Jazz","The first time I listened to jazz I was thirteen years old and I did not understand anything.","MUSIC","Raphaël Touzelet","/entries/articles/apprivoiser-le-jazz","2026-02-28T00:00:00.000Z","https://framerusercontent.com/images/y4eUCGytyq1LRR0QYwEh34dEUs8.png","","English","<p dir=""auto"">The first time I listened to jazz I was thirteen years old and I did not understand anything. <em>Kind of Blue</em> was the first album I played. Nothing was clear, the rare passages that harmonically conformed to my habits were quickly overtaken by some unpredictable dissonance. All of it formed an indecipherable chaos. I was definitively impervious to this music that enjoys such great prestige.</p><p dir=""auto"">I was impervious to jazz, too bad. I thought about it for days. Fragments kept coming back to me: the opening double bass notes of <em>Flamenco Sketches</em> or the first three chords of <em>Blue in Green</em>. Until one day I decided, with genuine desire, to play the album again. For eight years now I've been listening to this album every month.</p><p dir=""auto"">Music is made of notes, notes are sounds, sounds are vibrations in the air. The quantity of air vibration emitted by a note is its frequency. Each sound emits a fundamental frequency and a cluster of other frequencies that are multiples of the fundamental. A note alone means nothing — it takes on meaning in context.</p><p dir=""auto"">For some impenetrable reason, the combination of several notes will sound more or less pleasing. G and C sound perfectly consonant and give a sensation of satisfaction. Conversely, C and C# sound very dissonant, and create a sensation of tension. Music could be summarized thus: the art of producing and resolving tensions.</p><p dir=""auto"">The freedom of jazz is to regularly step outside the established scale. This is what we call borrowing. For a brief instant, the listener perceives a dissonance that creates tension, stress. This tension dissipates when the musician resolves it, returning to a stable scale through a satisfying interval.</p><p dir=""auto"">The notion of a wrong note extinguishes itself: everything is just a question of context. It's this excitement that creates the thrill of this music. Contemporary pop music is, for the most part, strictly diatonic. Listening to jazz is a listening that demands surrender, as before a painting.</p>","","","","","","","","",""
"inherent-vice-en","Arts - English","Inherent Vice","This film is a dazed, hungover walk down a Californian beach during the care-free hippie era of the 1970s.","FILM REVIEW","Augustin Dubois","/entries/articles/inherent-vice-fr","2026-02-21T00:00:00.000Z","https://framerusercontent.com/images/KmSmhSBu0zvlVSGTwYi142FK8.png","","NO","<p dir=""auto"">This film is a dazed, hungover walk down a Californian beach during the care-free hippie era of the 1970s, a place that is in reality so distant and unknown to me, but equally a place that feels like home after watching the film. An ambience of warmth and tranquility quite literally oozes from the screen with the vibrant and psychedelic colors, the relaxing background score, the spot-on costumes or the soothing voice of the anonymous narrator.</p><p dir=""auto"">The film starts by exposing an intriguing plot line, but as the plot progresses and as new characters are constantly unveiled, you start to understand that maybe the film leans more towards prioritizing character and thematic development over conventional narration.</p><p dir=""auto"">The character of Larry 'Doc' Sportello, played by Joaquin Phoenix, is introduced as an unstable, stoned, wrecked detective, trapped between alleged hallucinations and reality. Yet throughout the film his behavior and personality fluctuate between that of a junkie and that of an elegant, well-dressed detective, just to return back to his original hippie lifestyle at the end.</p><p dir=""auto"">This pattern is found numerous times in this film, perhaps to show, more globally, the difficulty of a change of era, a change of lifestyle. The slow rise of modern America in the 1970s, in contrast with the periods of protests and political movements of the 1960s sought after by the hippies shown in Inherent Vice. Doc's constant rebellion against authority, independent lifestyle and ostracism from society is the fight of a generation, the desperate clinging onto a golden era that is being progressively erased by modernity.</p>","","","","","","","","",""
"borsalino-mon-voisin-et-ma-casquette","Arts - French","Borsalino, mon voisin et ma casquette","C'est une simple casquette. Mais pas n'importe laquelle. Sur le côté, elle a un sigle, composé à l'aide d'une barrette en métal doré : Borsalino.","CHRONIQUES","Fabrice d'Almeida","","2026-05-14T00:00:00.000Z","https://framerusercontent.com/images/slvU2pNlkWB8k6fIz8dtpFEfzcg.png","","French","<p dir=""ltr"">C'est une simple casquette. Mais pas n'importe laquelle. Sur le côté, elle a un sigle, composé à l'aide d'une barrette en métal doré : Borsalino. La légendaire marque de chapeau s'est diversifiée et fait maintenant des casquettes de baseball dont la coupe est très soignée. Je la vois dans la vitrine d'une échoppe avec curiosité.</p><p dir=""ltr"">Borsalino dans mon enfance était un nom qui comptait. Un film l'avait fait entrer dans la légende. Borsalino, sorti en 1970, était un événement car il rassemblait deux stars du cinéma français, Jean-Paul Belmondo et Alain Delon. L'histoire racontait l'ascension de deux gangsters dans le Marseille des années 1920. Je comprenais mal le titre et posais la question à mon voisin d'en face, M. Guenassia. C'est un grand bonhomme, originaire de Tunisie, qui portait, à l'occasion, un beau chapeau. Il avait la réponse. « Ce sont leurs chapeaux, ils sont caractéristiques d'une marque italienne : Borsalino, justement ».</p><p dir=""ltr"">J'allais sur les grands boulevards. À l'époque, il y avait plusieurs magasins de couvre-chef. J'entrais dans l'un d'eux et je demandais s'ils avaient des Borsalinos. J'en essayais plusieurs. Pas du tout bien pour ma tête. Aucun ne m'a jamais été : trop larges, trop sérieux, trop Monsieur. Mais je voyais bien qu'ils étaient d'une qualité excellente.</p><p dir=""ltr"">Quand j'ai finalement mis la casquette sur ma tête, j'ai senti qu'elle était à la bonne taille. Un sentiment de bien-être m'a envahi. Ma compagne m'a regardé et m'a dit : « Superbe ! Je te l'offre ». Depuis j'ai du mal à la retirer. J'ai l'impression d'être un gangster des années 1930, avec ma coiffe des années 2020.</p>","","","","","","","","",""
"sur-nietzsche-chez-marty-mauser-et-alysa-liu","Arts - French","Sur Nietzsche chez Marty Mauser et Alysa Liu","Deux personnages dont l'enthousiasme irrationnel doublé d'une persistance désinvolte font se sentir plus vivant que jamais.","ARTS CROISÉS","Adrien Bréval","/entries/articles/nietzsche-through-marty-mauser-and-alysa-liu","2026-04-27T00:00:00.000Z","https://framerusercontent.com/images/qzJh8CLfgNMrxFIASbLEpx0E9o.png","","NO","<p dir=""ltr"">La vie ordinaire prend peu ou prou toujours la même trame : une monotonie agréable, rythmée par les contraintes et ponctuée par les peines. Il arrive parfois que frappe un éclair. Un choc incandescent qui vous saisit, qui vous promet que la vie vous réserve plus que cette agonie langoureuse.</p><p dir=""ltr"">Dans <em>Le Gai Savoir</em>, Nietzsche écrit que le bonheur est dans la lutte. Quand on lit le philosophe allemand, il n'est pas rare de se sentir appelé à faire de grandes choses. Une étincelle danse alors au fond de notre ventre : l'appel de l'excellence. <em>« L'ultime noblesse, c'est l'exception. »</em></p><p dir=""ltr"">Un vendredi soir, je suis allé voir <em>Marty Supreme</em>. Le film le plus nietzschéen que j'aie vu. Marty Mauser : un gars arrogant et amoral, dévoré par un rêve pur comme un diamant. Je n'ai jamais vu l'ambition démesurée, l'optimisme fou et irréaliste aussi bien incarnés dans un long métrage. Le long métrage de Josh Safdie est une invitation à jouir de la vie dans toutes ses expériences contraires, tout comme l'<em>Amor fati</em> de Nietzsche.</p><p dir=""ltr"">Quelques jours ont passé. J'ai allumé la télé pour regarder les Jeux olympiques. C'est à cet instant que j'ai découvert qui était Alysa Liu. Sa danse sur la glace était gracieuse, puissante, et se déployait sans effort, avec irrévérence, le tout ponctué par un <em>« That's what I'm fucking talking about! »</em>.</p><p dir=""ltr"">Le spectacle de ces deux êtres rallume quelque chose que tout semble conspirer à éteindre. Cette force qui meut et qui guide pour peindre de grandes toiles, pour lutter contre le quotidien morne.</p>","","","","","","","","",""
"apprivoiser-le-jazz","Arts - French","Apprivoiser le Jazz","La première fois que j'ai écouté du jazz, j'avais treize ans et je n'ai rien compris.","MUSIQUE","Raphaël Touzelet","/entries/articles/the-dissonance-of-jazz","2026-02-28T00:00:00.000Z","https://framerusercontent.com/images/y4eUCGytyq1LRR0QYwEh34dEUs8.png","","French","<p dir=""auto"">La première fois que j'ai écouté du jazz, j'avais treize ans et je n'ai rien compris. <em>Kind of Blue</em> est le premier album du genre que j'ai lancé. Rien n'était clair, les rares passages harmoniquement conformes à mes habitudes étaient vite rattrapés par une dissonance imprévisible. J'y ai repensé pendant des jours. Des fragments me revenaient : les premières notes de contrebasse de <em>Flamenco Sketches</em> ou les trois premiers accords de <em>Blue in green</em>. Jusqu'à ce qu'un jour je décide avec une sincère envie, de relancer l'album. Depuis huit ans, je réécoute cet album tous les mois.</p><p dir=""auto"">La musique est faite de notes, les notes sont des sons, les sons sont des vibrations de l'air. La quantité de vibration de l'air émis par une note est sa fréquence, exprimée en Hz. Chaque son émet une fréquence fondamentale et un paquet d'autres fréquences qui sont des multiples de la fondamentale. Une note seule ne veut rien dire, au sens qu'elle ne transmet pas d'émotion particulière. Elle prend sens dans un contexte.</p><p dir=""auto"">Pour une raison impénétrable, la combinaison de plusieurs notes sonnera plus ou moins agréable. Le Sol et le Do sonnent parfaitement consonant et donnent une sensation de satisfaction. A l'inverse Do et Do# sonnent très dissonants, et créent une sensation de tension. La musique pourrait être résumée ainsi : l'art de produire et résoudre des tensions.</p><p dir=""auto"">La liberté du jazz, c'est de sortir régulièrement de la gamme fixée, c'est ce qu'on appelle des emprunts. Pendant un bref instant, l'auditeur perçoit une dissonance qui crée une tension, un stress. Cette tension vient s'évanouir quand le musicien la résout. La notion de fausse note s'éteint, tout n'est qu'une question de contexte.</p><p dir=""auto"">C'est cette excitation qui fait le frisson de cette musique. La musique pop contemporaine est en majorité, strictement diatonique. C'est-à-dire qu'elle se refuse à sortir de la gamme, même un bref instant. L'écoute du jazz est une écoute qui demande de s'abandonner, comme devant un tableau.</p>","","","","","","","","",""
"mektoub-my-love-fr","Arts - French","Mektoub, My Love","Ces trois heures ont tout d'un long mois d'août, où tout est si lent mais pourtant où tout passe si vite.","CRITIQUE DE FILM","Raphaël Touzelet","/entries/articles/mektoub-my-love-en","2026-03-08T00:00:00.000Z","https://framerusercontent.com/images/TRm6FXxT93fvqSiHDv22ooCFWoY.png","","NO","<p dir=""auto"">Sublime, tout est sublime. Dès la première scène j'étais happé : cette conversation entre Amin et Ophélie, et en une scène Kechiche annonce tout son talent pour ce qui va constituer la majorité du film : les dialogues. On sent que rien n'est écrit, les personnages parlent de banalités, ils comblent le vide, il y a des silences gênants, des répétitions. C'est une des trois facettes du film : le réalisme.</p><p dir=""auto"">Je ne sais pas comment c'est possible d'obtenir un jeu aussi naturel. Le timing des rires, des sourires, des répliques ne peut pas être calculé ou répété. Tout est pure improvisation, pure vie. Kechiche a choisi une trentaine de personnes pour passer des vacances ensemble, et il en fait un film de purs moments vrais.</p><p dir=""auto"">J'ai beaucoup apprécié la façon que le film a de donner une vraie importance à chaque personnage. La sensualité passe par les regards, il suffit d'un regard un peu insistant entre Ophélie et Amin suivi d'un petit rire gêné pour qu'on comprenne tout.</p><p dir=""auto"">Enfin, et c'est la facette qui donne toute sa profondeur au film : la grâce. C'est un film touché par une beauté mystique. Le film est rempli d'images clairement religieuses, issues du catholicisme et de l'Islam.</p><p dir=""auto"">Mais au milieu de tout cette beauté, vraie et mystique, tendre et érotique, il y a une douleur. Il y a une blessure, une vraie, et c'est celle d'Amin. Il regarde amoureusement Ophélie qui le néglige, et en rejette toutes les filles qui le convoitent avec tellement d'envie. Il est seul, au milieu de ces plages dorées.</p><p dir=""auto"">Ces trois heures ont tout d'un long mois d'août, où tout est si lent mais pourtant où tout passe si vite. Et à la fin, il ne reste que quelques jolis souvenirs, mais beaucoup de regrets.</p>","","","","","","","","",""
"vivaldi-mon-père-et-moi","Arts - French","Vivaldi, mon Père, et Moi","Avec ses systèmes de son qu'il fabriquait lui-même, mon père emplissait notre maison de musique.","MUSIQUE","Shweta Menon","/entries/articles/vivaldi-my-dad-and-i","2026-03-03T00:00:00.000Z","https://framerusercontent.com/images/dqYpcO7PwY8UdOQqBSZBZgl2CXA.png","","NO","<p dir=""auto"">Lorsque l'on dit que la musique classique peut ressembler à la pluie, on pense souvent à Antonio Vivaldi. Sa musique ne se contente pas d'aligner des notes : elle donne vie à des saisons entières.</p><p dir=""auto"">L'amour de mon père pour le son était immense et profond. Sa passion pour son système hi-fi, ainsi que son désir de construire lui-même ses amplificateurs et ses enceintes grâce à ses compétences d'ingénieur, faisaient de la musique quelque chose de tangible dans notre maison.</p><p dir=""auto"">Toute mon enfance a été bercée à la fois par la musique classique occidentale et par la musique classique indienne. Je me souviens que ma grand-mère insistait pour que j'écoute de la musique classique indienne et m'emmenait à des cours de chant carnatique. J'avais à peine quatre ans.</p><p dir=""auto"">Avec le temps, la musique classique occidentale est devenue quelque chose que mon père et moi partagions tout particulièrement. C'est devenu notre espace silencieux, notre terrain d'entente. À travers des compositeurs comme Mozart, Vivaldi et Bach, nous avons construit un lien qui n'avait pas besoin de beaucoup de mots.</p><p dir=""auto"">Quand on ferme les yeux et que l'on écoute vraiment, on n'est plus dans la pièce. On est ailleurs. Dans Les Quatre Saisons, la pluie douce et les ruisseaux lents semblent délicats et vivants, presque tendres. Puis, soudainement, l'atmosphère change. La pluie devient plus forte. Le tonnerre éclate.</p><p dir=""auto"">Aujourd'hui, je comprends. Ce que mon père m'a transmis n'est pas seulement un amour pour la musique classique. Il m'a donné une manière de me sentir proche de lui, peu importe où nous sommes. Dans ma vie, Vivaldi n'est pas seulement un compositeur. Il fait partie de la façon dont mon père et moi restons connectés.</p>","","","","","","","","",""
"inherent-vice-fr","Arts - French","Inherent Vice","Ce film m'a plongé dans le brouillard hippie de la Californie des années 1970, étrange et familier.","CRITIQUE DE FILM","Augustin Dubois","/entries/articles/inherent-vice-en","2026-02-21T00:00:00.000Z","https://framerusercontent.com/images/KmSmhSBu0zvlVSGTwYi142FK8.png","","NO","<p dir=""auto"">Ce film m'a transporté dans un brouillard hippie californien des années 1970, à la fois inconnues et étrangement intimes. Une longue promenade hébétée et nauséeuse le long des plages, et une ambiance de chaleur et de tranquillité se dégage de l'écran. Entre les couleurs vibrantes et psychédéliques, la partition de fond apaisante qui accompagne les scènes, et les costumes impeccables, je me suis senti plongé dans un petit univers que je ne voulais pas quitter.</p><p dir=""auto"">Le film débute en exposant une intrigue captivante, mais au fur et à mesure que l'histoire avance et que de nouveaux personnages sont constamment dévoilés, on commence à comprendre que le film privilégie peut-être davantage le développement des personnages et des thématiques au détriment d'une narration conventionnelle.</p><p dir=""auto"">Le personnage de Larry « Doc » Sportello, incarné par Joaquin Phoenix, nous est présenté comme un détective instable, défoncé et dévasté, coincé entre hallucinations présumées et réalité. Pourtant, tout au long du film, son comportement et sa personnalité oscillent entre ceux d'un toxicomane et ceux d'un détective élégant et bien habillé.</p><p dir=""auto"">Ce motif se retrouve à de nombreuses reprises dans ce film, peut-être pour montrer, de manière plus globale, la difficulté d'un changement d'époque, d'un changement de mode de vie. La rébellion constante de Doc face à l'autorité, son mode de vie indépendant et son ostracisme vis-à-vis de la société constituent le combat d'une génération, l'attachement désespéré à une époque dorée qui s'efface progressivement sous l'effet de la modernité.</p>","","","","","","","","",""
